product,vendor
FERRAGAMO+RIVIERA COMBO,SCENT PASSION
 MIRAMAR COMBO ,ATYAF
AMEERATH UL ARAB,SCENT PASSION
LAROCHE,SCENT PASSION
OUD LOVERS,LPG
INTENSE PINK,LPG
PARAMOUNT,OTHER
Cherie Blossom,LPG
SEVEN DAYS,RT
AMBER+FERRAGAMO,SCENT PASSION
PREMIUM EDITION,OUD AL SALAM
OLD MEMMORIES,RT
NEON ,LPG
NEW 6 PS COMBO,SCENT PASSION
AL  HUDA,OUD AL SALAM
AL HUDA,OUD AL SALAM
al huda,OUD AL SALAM
Customization,CUSTOM
MIRAMAR COMBO,ATYAF
THE ARCHER COMBO,ATYAF
pink way,LPG
ESENCIA FLORAL,SCENT PASSION
SHADOW FLAME,ATYAF
7 PS COMBO,SCENT PASSION
INTENSE BLACK,LPG
alfred dunhill desire red,SCENT PASSION
Al Huda,OUD AL SALAM
FALCON COLLECTION,LPG
JOYOUS PREMIUM EDITION 5PCS- SAUDIARABIA,LPG
HUDA,OUD AL SALAM
CLIVE COLLECTION,SCENT PASSION
VOLGA COMBO,ATYAF
Blue Sufi,GLAND LURES
DOE COLLECTION 1 & ESENCIA FLORAL 1,SCENT PASSION
Intense Black,LPG
Al HUDA,OUD AL SALAM
AMBER,SCENT PASSION
FERRAGAMO,SCENT PASSION
BLUE SUFI,GLAND LURES
AMBER + BLACK EXCESS,SCENT PASSION
doe,SCENT PASSION
Beautiful Weekend,LPG
VOLGA COMBO 1 & SHADOW FLAME1,ATYAF
BLUE SUFI 100 ML,GLAND LURES
AMBRE MAQUIS,GLAND LURES
ABSOLUTE MOUNTAIN AVENUE 3 PCS- SAUDIARABIA,OUD AL SALAM
ALHUDA ,OUD AL SALAM
AL HUDA ,OUD AL SALAM
1PC FERRAGAMO,SCENT PASSION
CLIVE COLLECTION 1 +QAMAR & KISMAT COMBO 1,SCENT PASSION
ARBE PURO COMBO,LPG
ASEEL COMBO,ATYAF
QAMAR & KISMAT COMBO,EMARATH
"CREED AVENTUS 1 
 chanel blue de 1",SCENT PASSION
INTENSE SIGNATURE,LPG
HECTOR COMBO,ATYAF
HECTOR COMBO 1 & COLLECTION OF MOOD 1,ATYAF 
MUSK COLLECTION ,SCENT PASSION
ABSOLUTE MOUNTAIN AVENUE,OUD AL SALAM
FERRAGAMO&SUFI COMPO,SCENT PASSION
heritage 4 piece,CUSTOM
BLUE SUFI 100 ML ,GLAND LURES
FRANKLIN IRISH IN MIRAMAR COMBO ,ATYAF
5PCS Kira,SCENT PASSION
ROSES IN OUD ,OUD AL SALAM
SUFI COMBO,SCENT PASSION
ALFRED DUNHILL DESIRE RED,SCENT PASSION
intense Black,LPG
DOLLER COMBO,SCENT PASSION
DOE COLLECTION,SCENT PASSION
COLLECTION OF MOOD,OUD AL SALAM
AL-HUDA,OUD AL SALAM
ESENCIA FLORAL,SCENT PASSION
ROMANCY FLORAL,SCENT PASSION
PEACOCK COLLECTION,SCENT PASSION
SUFI COMBO,SCENT PASSION
SEVEN DAYS,RT
6 PS PERFUME COMPO,SCENT PASSION
FERRAGAMO&SUFI COMPO,SCENT PASSION
7 PS COMBO,SCENT PASSION
DOE COLLECTION,SCENT PASSION
NEW 6 PS COMBO,SCENT PASSION
MARYAM BODY LOTION,SCENT PASSION
MUSK COLLECTION,SCENT PASSION
FERRAGAMO+RIVIERA COMBO,SCENT PASSION
MARYAM COMBO,SCENT PASSION
FERRAGAMO,SCENT PASSION
ITALIAN CITRUS,SCENT PASSION
MYSTERY COMBO,SCENT PASSION
AMBER,SCENT PASSION
SALTY FLOWER,SCENT PASSION
LAROCHE,SCENT PASSION
SR SIGNATURE,SCENT PASSION
AMEERATH UL ARAB,SCENT PASSION
ESENCIA CUSTOMIZE,SCENT PASSION
BLACK EXCESS,SCENT PASSION
MOJEH,SCENT PASSION
SALTY FLOWER,SCENT PASSION
SAPIL COMBO,SCENT PASSION
DOLLER COMBO,SCENT PASSION
NEW 7PS COMBO,SCENT PASSION
INTENSE SIGNATURE,LPG
OUD LOVERS,LPG
AMBER+GIFT PERFUME,SCENT PASSION
CLIVE COLLECTION,SCENT PASSION
VOLGA COMBO,ATYAF
OLD MEMMORIES,RT
COOL LIFE COMBO,ATYAF
PARAMOUNT COMBO,SCENT PASSION
DOE CUSTOMIZE,SCENT PASSION
AMBER CUSTOMIZE,SCENT PASSION
AMEERATH CUSTOMIZE,SCENT PASSION
CLIVE CUSTOMIZE,SCENT PASSION
LA FLORAL,LPG
THE ARCHER COMBO,ATYAF
SHADOW FLAME,ATYAF
AMBRE + ONIRO,SCENT PASSION
AMBER + BLACK EXCESS,SCENT PASSION
CLASSIC LIME,SCENT PASSION
CHERIE BLOSSOM,LPG
VELORA POP HEART,LPG
VELORA VIVA CHOCO,LPG
VELORA SUGAR BLISS,LPG
DIAMOND ROSE COMBO,OTHER
MAQAM IBRAHIM,BSPARQ
MUKHALAT AL EMARAT,BSPARQ
BERRIES WEEKEND COMBO,OTHER
ASEEL COMBO,ATYAF
MIRAMAR COMBO,ATYAF
HECTOR COMBO,ATYAF
VELORA COMBO,LPG
PREMIUM EDITION,OUD AL SALAM
COLLECTION OF MOOD,OUD AL SALAM
QAMAR & KISMAT,EMARATH
FALCON COLLECTION,LPG
ARBE PURO COMBO,LPG
LEON QATAR,LPG
AL HUDA,OUD AL SALAM
